{"val_loss": [1.316466456222534, 0.9703036712646484, 0.9097251899719239, 0.7938212780952454, 0.7521157709121704, 0.6778642912864685, 0.6505887699127197, 0.6764770151138305, 0.6483823810577393, 0.6368855951309204, 0.6813502904891968, 0.6851087728500366, 0.6212140283107758, 0.6306401803970337, 0.6179342846870423, 0.5952503949165344, 0.5764645184516907, 0.594308607673645, 0.5969439047813415, 0.5784672221183776, 0.5841905685424804, 0.5849356064796448, 0.5983221600532532, 0.6031977939605713, 0.5718581304550171, 0.602272878074646, 0.5793148020744324, 0.5858256736755371, 0.575984266281128, 0.6239338333129882, 0.5881029480934143, 0.589199252986908, 0.5972183127880096, 0.6041053875923157, 0.5898150451660156, 0.6137077946662903, 0.6153634240150452, 0.6048972981452941, 0.5804022969245911, 1.1966581981658935, 0.6444087502479553, 0.6185977339744568, 0.6384728016853333, 0.6012871459007263, 0.8133739180564881, 0.6029805976867676, 0.6208567417144776, 0.6282188672065735, 0.6237212866306305, 0.6349949333667755, 0.6115062515258789, 0.6409404747009277, 0.6309098475456237, 0.6041750391960145, 0.6200864806175231, 0.62943473072052, 0.6285192090034485, 0.6168654820919037, 0.6278407341003418, 0.666031356716156, 0.6415753758430481, 0.6802594425201416, 0.6139653975486755, 0.6507779155731201, 0.6310976538181305, 0.637609651017189, 0.6147261559963226, 0.6652586898803711, 0.6551594621658325, 0.6550886280059814, 0.6283599383354187, 0.6327402337551117, 0.6324902578353881, 0.6348625947475434, 0.658412205171585, 0.6502888627767562, 0.625771231842041, 0.6435302237987518, 0.6459878864765167, 0.6522382024765014, 0.6417980773925781, 0.6527802640914917, 0.7094837837219238, 0.6445208420753479, 0.6661931834220887, 0.6499080966949463, 0.6439535583496093, 0.6349980617523193, 0.6560830351829529, 0.6388377657413483, 0.6932298033237457, 0.6649761357307434, 0.671869899559021, 0.6672356428146362, 0.6358111299991608, 0.6945860984325409, 0.6676883269309998, 0.6733858539581299, 0.6725893211364746, 0.6536791487693787], "val_acc": [0.5331, 0.667, 0.6874, 0.7192, 0.7376, 0.7688, 0.7792, 0.7642, 0.7785, 0.7788, 0.7707, 0.7716, 0.7937, 0.7925, 0.8023, 0.8074, 0.8133, 0.8109, 0.8094, 0.8195, 0.8151, 0.8206, 0.8158, 0.8153, 0.8212, 0.8172, 0.824, 0.822, 0.8272, 0.8179, 0.82, 0.826, 0.826, 0.8234, 0.8278, 0.8235, 0.8264, 0.8259, 0.8333, 0.7317, 0.8271, 0.8303, 0.8216, 0.835, 0.799, 0.8292, 0.83, 0.8285, 0.8278, 0.8295, 0.8324, 0.8289, 0.8304, 0.8328, 0.8321, 0.83, 0.8313, 0.8342, 0.8297, 0.8269, 0.8322, 0.8325, 0.8346, 0.8336, 0.8382, 0.8347, 0.8379, 0.8343, 0.8367, 0.8337, 0.8361, 0.8392, 0.8344, 0.8399, 0.8302, 0.8375, 0.8398, 0.8377, 0.8354, 0.8373, 0.8402, 0.8312, 0.8294, 0.8385, 0.8344, 0.8331, 0.8363, 0.8392, 0.8364, 0.8363, 0.8254, 0.8364, 0.8381, 0.8404, 0.8419, 0.8401, 0.8421, 0.8362, 0.8356, 0.8396], "loss": [1.6338566223907471, 1.1483784621047974, 0.9739428022003174, 0.8663328226852417, 0.7829470001029968, 0.7227411991214753, 0.6652976591110229, 0.6289280715179444, 0.5869162622070313, 0.5583389444732666, 0.525622145061493, 0.4968440731048584, 0.46524241521835324, 0.43894030183792115, 0.42136244483947755, 0.3993975639438629, 0.3802503032875061, 0.3640329958438873, 0.35086647420883177, 0.33126806811332704, 0.31965704990148547, 0.30799668541908265, 0.29283869009017943, 0.2762869159603119, 0.2768930852508545, 0.2662473824596405, 0.2543855441761017, 0.24917332500457764, 0.23075093236923216, 0.22489984264969826, 0.21781538006305695, 0.2200852439069748, 0.20650661667823791, 0.2031186302614212, 0.20201202302455903, 0.1983866291332245, 0.18986439381599426, 0.1856962878847122, 0.17940454213142396, 0.17561164019584655, 0.24848689779281616, 0.17957187240600586, 0.1681127137541771, 0.16708649446845056, 0.16074313062906265, 0.15395563861906528, 0.15122095535516739, 0.15114329154968262, 0.1626195027780533, 0.1426881507754326, 0.13820882298231124, 0.13950024584293366, 0.13963625930070878, 0.13659706740379335, 0.13358541116952896, 0.12903464938879014, 0.13070488811969758, 0.12833749834537506, 0.11732206580877304, 0.12353706050038338, 0.12229195969581604, 0.12151443192243576, 0.11576546935319901, 0.1134101396548748, 0.11447429100036621, 0.11125063827991485, 0.11321363829493522, 0.10917983068048955, 0.10662248114258051, 0.10918996590256691, 0.10706489034831523, 0.10703102561235428, 0.10493577041745186, 0.10298502575278282, 0.10082107109189034, 0.10256862569630146, 0.09972132964193821, 0.09643453704059124, 0.09712726783037186, 0.09618073617696762, 0.09017015873789787, 0.09334202459454537, 0.11238349170088768, 0.0995720245218277, 0.08978580512702465, 0.09635301889538765, 0.09041149327397346, 0.08968902160286904, 0.08986829042851925, 0.08659440721392632, 0.09366493416011333, 0.10315122220486403, 0.08844533276259899, 0.08417656529605388, 0.08186624280512333, 0.08276398720920086, 0.08018006115620956, 0.083231868365407, 0.0771864220303297, 0.07788097568452358], "acc": [0.4535, 0.60302, 0.66368, 0.69778, 0.7265, 0.74598, 0.7675, 0.7789, 0.79268, 0.8038, 0.81498, 0.82472, 0.83758, 0.84618, 0.85236, 0.85714, 0.86492, 0.8698, 0.87508, 0.88142, 0.88564, 0.88946, 0.89438, 0.90218, 0.90152, 0.90688, 0.90916, 0.91276, 0.91736, 0.91884, 0.92106, 0.92184, 0.92668, 0.92802, 0.92786, 0.92926, 0.933, 0.93358, 0.93604, 0.93688, 0.91366, 0.93624, 0.93886, 0.94074, 0.94282, 0.94538, 0.94604, 0.94602, 0.94146, 0.94928, 0.95136, 0.951, 0.95086, 0.95218, 0.95282, 0.95436, 0.95402, 0.95518, 0.95844, 0.9558, 0.95778, 0.95794, 0.95834, 0.96012, 0.95938, 0.96114, 0.9608, 0.96138, 0.96154, 0.96094, 0.96176, 0.96172, 0.96302, 0.96318, 0.9645, 0.9643, 0.9651, 0.96598, 0.96652, 0.96622, 0.9673, 0.96704, 0.96016, 0.96566, 0.96826, 0.96616, 0.9689, 0.9694, 0.96784, 0.96996, 0.9669, 0.96334, 0.96892, 0.97138, 0.97128, 0.97116, 0.97126, 0.97036, 0.97258, 0.97314]}